"date_time","depth_to_gw","temp","ec"
"3/21/2023 12:00","4.85","11.764","1300.5"
"3/21/2023 16:00","4.848","11.75","1284.6"
"3/21/2023 20:00","4.8455","11.72","1280"
"3/22/2023 0:00","4.8481","11.718","1279.5"
"3/22/2023 4:00","4.848","11.75","1281.4"
"3/22/2023 8:00","4.8447","11.736","1278.3"
"3/22/2023 12:00","4.8494","11.725","1277.1"
"3/22/2023 16:00","4.8497","11.718","1277.3"
"3/22/2023 20:00","4.8462","11.721","1276.7"
"3/23/2023 0:00","4.8482","11.696","1276.7"
"3/23/2023 4:00","4.8459","11.715","1276"
"3/23/2023 8:00","4.848","11.71","1273.9"
"3/23/2023 12:00","4.8514","11.691","1271.6"
"3/23/2023 16:00","4.8462","11.686","1271.7"
"3/23/2023 20:00","4.8463","11.692","1271.3"
"3/24/2023 0:00","4.8493","11.699","1271.2"
"3/24/2023 4:00","4.8535","11.677","1270"
"3/24/2023 8:00","4.8506","11.685","1267.5"
"3/24/2023 12:00","4.8584","11.684","1269.1"
"3/24/2023 16:00","4.8529","11.684","1268.1"
"3/24/2023 20:00","4.8494","11.658","1268.1"
"3/25/2023 0:00","4.8569","11.671","1266.1"
"3/25/2023 4:00","4.8566","11.666","1265.8"
"3/25/2023 8:00","4.8526","11.66","1266.4"
"3/25/2023 12:00","4.8642","11.654","1265.2"
"3/25/2023 16:00","4.8592","11.646","1263"
"3/25/2023 20:00","4.8604","11.65","1263.6"
"3/26/2023 0:00","4.8651","11.642","1261.3"
"3/26/2023 4:00","4.8702","11.632","1261.6"
"3/26/2023 8:00","4.8705","11.669","1263.5"
"3/26/2023 12:00","4.8747","11.623","1260.1"
"3/26/2023 16:00","4.8756","11.625","1260.1"
"3/26/2023 20:00","4.8748","11.641","1259.8"
"3/27/2023 0:00","4.8835","11.626","1258.7"
"3/27/2023 4:00","4.8809","11.603","1259.6"
"3/27/2023 8:00","4.874","11.613","1257.1"
"3/27/2023 12:00","4.8772","11.598","1258.1"
"3/27/2023 16:00","4.8677","11.585","1258.2"
"3/27/2023 20:00","4.8774","11.604","1257"
"3/28/2023 0:00","4.8817","11.588","1254.6"
"3/28/2023 4:00","4.8866","11.567","1259.6"
"3/28/2023 8:00","4.887","11.582","1257.2"
"3/28/2023 12:00","4.8777","11.575","1257.8"
"3/28/2023 16:00","4.8841","11.558","1260.5"
"3/28/2023 20:00","4.887","11.58","1251.6"
"3/29/2023 0:00","4.8944","11.538","1255.8"
"3/29/2023 4:00","4.8959","11.551","1253.9"
"3/29/2023 8:00","4.8956","11.535","1256.7"
"3/29/2023 12:00","4.9015","11.528","1257.9"
"3/29/2023 16:00","4.9011","11.542","1257.2"
"3/29/2023 20:00","4.8981","11.524","1254"
"3/30/2023 0:00","4.8994","11.525","1253.4"
"3/30/2023 4:00","4.9022","11.527","1256.6"
"3/30/2023 8:00","4.8997","11.525","1259.3"
"3/30/2023 12:00","4.9041","11.528","1242.3"
"3/30/2023 16:00","4.9005","11.535","1255.9"
"3/30/2023 20:00","4.8994","11.506","1257.6"
"3/31/2023 0:00","4.903","11.513","1255.9"
"3/31/2023 4:00","4.9002","11.497","1259"
"3/31/2023 8:00","4.899","11.499","1258.1"
"3/31/2023 12:00","4.9035","11.479","1260.5"
"3/31/2023 16:00","4.9032","11.487","1258.4"
"3/31/2023 20:00","4.9038","11.486","1260.5"
"4/1/2023 0:00","4.8924","11.473","1263.4"
"4/1/2023 4:00","4.894","11.473","1262.7"
"4/1/2023 8:00","4.8938","11.482","1263.5"
"4/1/2023 12:00","4.8968","11.472","1263.7"
"4/1/2023 16:00","4.8936","11.465","1267.1"
"4/1/2023 20:00","4.8938","11.461","1266"
"4/2/2023 0:00","4.8967","11.467","1267.7"
"4/2/2023 4:00","4.8979","11.453","1269.6"
"4/2/2023 8:00","4.8963","11.443","1266.8"
"4/2/2023 12:00","4.8973","11.445","1267.5"
"4/2/2023 16:00","4.8997","11.436","1268.9"
"4/2/2023 20:00","4.8988","11.437","1271.8"
"4/3/2023 0:00","4.9017","11.431","1269.9"
"4/3/2023 4:00","4.9013","11.454","1270.2"
"4/3/2023 8:00","4.8994","11.469","1272.6"
"4/3/2023 12:00","4.9043","11.428","1269.9"
"4/3/2023 16:00","4.9037","11.418","1271.8"
"4/3/2023 20:00","4.9001","11.452","1271.8"
"4/4/2023 0:00","4.9086","11.446","1272.4"
"4/4/2023 4:00","4.9","11.435","1274.6"
"4/4/2023 8:00","4.8993","11.428","1278.5"
"4/4/2023 12:00","4.8993","11.403","1277.6"
"4/4/2023 16:00","4.8949","11.399","1276.5"
"4/4/2023 20:00","4.8938","11.413","1278.1"
"4/5/2023 0:00","4.8935","11.409","1280.3"
"4/5/2023 4:00","4.8936","11.438","1279.3"
"4/5/2023 8:00","4.892","11.427","1279"
"4/5/2023 12:00","4.892","11.395","1276.5"
"4/5/2023 16:00","4.889","11.41","1278.2"
"4/5/2023 20:00","4.8818","11.405","1277.3"
"4/6/2023 0:00","4.8839","11.409","1277.4"
"4/6/2023 4:00","4.8834","11.394","1277.1"
"4/6/2023 8:00","4.8803","11.392","1276"
"4/6/2023 12:00","4.8816","11.405","1273.6"
"4/6/2023 16:00","4.8763","11.395","1272"
"4/6/2023 20:00","4.8746","11.391","1269.8"
"4/7/2023 0:00","4.8735","11.365","1267.7"
"4/7/2023 4:00","4.8686","11.377","1268.5"
"4/7/2023 8:00","4.865","11.375","1265.7"
"4/7/2023 12:00","4.8652","11.364","1266.2"
"4/7/2023 16:00","4.8617","11.371","1267.1"
"4/7/2023 20:00","4.8582","11.372","1263.5"
"4/8/2023 0:00","4.8614","11.358","1261.8"
"4/8/2023 4:00","4.8564","11.355","1258.8"
"4/8/2023 8:00","4.8541","11.374","1259.3"
"4/8/2023 12:00","4.8559","11.35","1258.5"
"4/8/2023 16:00","4.8561","11.345","1256.2"
"4/8/2023 20:00","4.8503","11.333","1254.8"
"4/9/2023 0:00","4.8523","11.332","1254.8"
"4/9/2023 4:00","4.8512","11.337","1239.9"
"4/9/2023 8:00","4.8476","11.321","1239"
"4/9/2023 12:00","4.849","11.337","1250.9"
"4/9/2023 16:00","4.8469","11.338","1249.1"
"4/9/2023 20:00","4.8398","11.362","1234"
"4/10/2023 0:00","4.8412","11.333","1234.7"
"4/10/2023 4:00","4.8406","11.33","1234.8"
"4/10/2023 8:00","4.8385","11.331","1246.6"
"4/10/2023 12:00","4.8425","11.324","1230.7"
"4/10/2023 16:00","4.8338","11.34","1227.8"
"4/10/2023 20:00","4.8304","11.338","1243.1"
"4/11/2023 0:00","4.8313","11.317","1241.4"
"4/11/2023 4:00","4.8314","11.298","1226.2"
"4/11/2023 8:00","4.8354","11.305","1240.6"
"4/11/2023 12:00","4.8263","11.318","1226.1"
"4/11/2023 16:00","4.8254","11.313","1223.5"
"4/11/2023 20:00","4.8109","11.311","1222.1"
"4/12/2023 0:00","4.8096","11.298","1221.8"
"4/12/2023 4:00","4.8149","11.311","1219.2"
"4/12/2023 8:00","4.8133","11.289","1216.5"
"4/12/2023 12:00","4.8125","11.296","1216.1"
"4/12/2023 16:00","4.8082","11.323","1229"
"4/12/2023 20:00","4.8072","11.294","1218.9"
"4/13/2023 0:00","4.8097","11.294","1214.4"
"4/13/2023 4:00","4.8033","11.269","1211"
"4/13/2023 8:00","4.7998","11.29","1211.1"
"4/13/2023 12:00","4.8013","11.282","1210"
"4/13/2023 16:00","4.7965","11.309","1215.3"
"4/13/2023 20:00","4.792","11.287","1211"
"4/14/2023 0:00","4.7939","11.27","1206.8"
"4/14/2023 4:00","4.7937","11.268","1203.4"
"4/14/2023 8:00","4.7924","11.278","1201.8"
"4/14/2023 12:00","4.7931","11.287","1201.4"
"4/14/2023 16:00","4.7857","11.291","1201.4"
"4/14/2023 20:00","4.7772","11.299","1197.4"
"4/15/2023 0:00","4.7829","11.29","1197.4"
"4/15/2023 4:00","4.78","11.295","1195.9"
"4/15/2023 8:00","4.7748","11.269","1197.6"
"4/15/2023 12:00","4.7799","11.283","1195"
"4/15/2023 16:00","4.7711","11.295","1192.2"
"4/15/2023 20:00","4.7666","11.308","1190.2"
"4/16/2023 0:00","4.7691","11.304","1191.7"
"4/16/2023 4:00","4.7668","11.302","1193.5"
"4/16/2023 8:00","4.7669","11.317","1201.4"
"4/16/2023 12:00","4.7696","11.299","1201.1"
"4/16/2023 16:00","4.7666","11.288","1200.5"
"4/16/2023 20:00","4.7616","11.318","1200"
"4/17/2023 0:00","4.7621","11.297","1201.1"
"4/17/2023 4:00","4.7607","11.281","1200.8"
"4/17/2023 8:00","4.7569","11.306","1203.8"
"4/17/2023 12:00","4.7578","11.301","1200.2"
"4/17/2023 16:00","4.7581","11.299","1200.4"
"4/17/2023 20:00","4.7534","11.305","1201.5"
"4/18/2023 0:00","4.7521","11.306","1203.8"
"4/18/2023 4:00","4.7505","11.295","1203.3"
"4/18/2023 8:00","4.7485","11.297","1203.1"
"4/18/2023 12:00","4.7494","11.309","1200.9"
"4/18/2023 16:00","4.747","11.291","1207.7"
"4/18/2023 20:00","4.7455","11.294","1201.9"
"4/19/2023 0:00","4.7476","11.293","1198.6"
"4/19/2023 4:00","4.745","11.299","1205.1"
"4/19/2023 8:00","4.7393","11.299","1204"
"4/19/2023 12:00","4.7381","11.288","1204.8"
"4/19/2023 16:00","4.7359","11.3","1196.6"
"4/19/2023 20:00","4.732","11.286","1204"
"4/20/2023 0:00","4.7357","11.291","1204.2"
"4/20/2023 4:00","4.7343","11.287","1209.1"
"4/20/2023 8:00","4.7333","11.281","1206.6"
"4/20/2023 12:00","4.7377","11.281","1206.1"
"4/20/2023 16:00","4.7339","11.276","1205.8"
"4/20/2023 20:00","4.7309","11.279","1205.4"
"4/21/2023 0:00","4.7308","11.272","1209.2"
"4/21/2023 4:00","4.7296","11.288","1206"
"4/21/2023 8:00","4.7323","11.271","1208.7"
"4/21/2023 12:00","4.7344","11.282","1206.4"
"4/21/2023 16:00","4.7334","11.273","1206.1"
"4/21/2023 20:00","4.7267","11.259","1207.1"
"4/22/2023 0:00","4.7289","11.26","1205.6"
"4/22/2023 4:00","4.7286","11.272","1207.1"
"4/22/2023 8:00","4.7277","11.268","1207.1"
"4/22/2023 12:00","4.7309","11.265","1202.8"
"4/22/2023 16:00","4.7293","11.247","1204.1"
"4/22/2023 20:00","4.7222","11.245","1206.2"
"4/23/2023 0:00","4.7272","11.268","1206"
"4/23/2023 4:00","4.7245","11.253","1206.4"
"4/23/2023 8:00","4.7258","11.255","1206.9"
"4/23/2023 12:00","4.7287","11.244","1206.4"
"4/23/2023 16:00","4.7258","11.247","1201.6"
"4/23/2023 20:00","4.721","11.239","1204.6"
"4/24/2023 0:00","4.7234","11.248","1204.2"
"4/24/2023 4:00","4.7253","11.232","1203.2"
"4/24/2023 8:00","4.7241","11.239","1194.7"
"4/24/2023 12:00","4.7226","11.236","1205.3"
"4/24/2023 16:00","4.7177","11.24","1202"
"4/24/2023 20:00","4.7183","11.238","1200.5"
"4/25/2023 0:00","4.722","11.229","1200.6"
"4/25/2023 4:00","4.7209","11.224","1200.2"
"4/25/2023 8:00","4.7139","11.234","1202.3"
"4/25/2023 12:00","4.7225","11.238","1202.7"
"4/25/2023 16:00","4.7179","11.224","1201.3"
"4/25/2023 20:00","4.7152","11.217","1202.6"
"4/26/2023 0:00","4.7172","11.223","1201.2"
"4/26/2023 4:00","4.7184","11.22","1198.6"
"4/26/2023 8:00","4.7193","11.221","1199.6"
"4/26/2023 12:00","4.7189","11.217","1198.1"
"4/26/2023 16:00","4.7213","11.225","1199"
"4/26/2023 20:00","4.7184","11.223","1200.2"
"4/27/2023 0:00","4.721","11.211","1198.1"
"4/27/2023 4:00","4.7235","11.206","1197.5"
"4/27/2023 8:00","4.7235","11.213","1197.6"
"4/27/2023 12:00","4.7237","11.206","1196.9"
"4/27/2023 16:00","4.7233","11.199","1198.8"
"4/27/2023 20:00","4.7223","11.208","1195"
"4/28/2023 0:00","4.7245","11.202","1198.7"
"4/28/2023 4:00","4.7248","11.202","1196.1"
"4/28/2023 8:00","4.7271","11.197","1196"
"4/28/2023 14:00","4.75","11.148","1077"
"4/28/2023 18:00","4.7481","11.152","1076.4"
"4/28/2023 22:00","4.7476","11.15","1075.5"
"4/29/2023 2:00","4.7453","11.146","1075.4"
"4/29/2023 6:00","4.7434","11.159","1074.3"
"4/29/2023 10:00","4.7437","11.155","1073.7"
"4/29/2023 14:00","4.7385","11.139","1073.6"
"4/29/2023 18:00","4.7365","11.143","1072.5"
"4/29/2023 22:00","4.742","11.134","1072.8"
"4/30/2023 2:00","4.7436","11.131","1072.2"
"4/30/2023 6:00","4.748","11.136","1071.4"
"4/30/2023 10:00","4.7601","11.134","1071"
"4/30/2023 14:00","4.7542","11.13","1070"
"4/30/2023 18:00","4.7539","11.129","1070.3"
"4/30/2023 22:00","4.7546","11.135","1069.9"
"5/1/2023 2:00","4.7536","11.137","1069.1"
"5/1/2023 6:00","4.7516","11.134","1068.9"
"5/1/2023 10:00","4.7501","11.121","1068.4"
"5/1/2023 14:00","4.7468","11.125","1068.4"
"5/1/2023 18:00","4.7435","11.125","1067.5"
"5/1/2023 22:00","4.7426","11.12","1067.6"
"5/2/2023 2:00","4.7428","11.117","1067.4"
"5/2/2023 6:00","4.7421","11.132","1067.1"
"5/2/2023 10:00","4.742","11.117","1067.1"
"5/2/2023 14:00","4.7408","11.113","1066.8"
"5/2/2023 18:00","4.7411","11.121","1066.4"
"5/2/2023 22:00","4.741","11.115","1065.9"
"5/3/2023 2:00","4.7409","11.117","1065.6"
"5/3/2023 6:00","4.7442","11.112","1065.7"
"5/3/2023 10:00","4.7444","11.106","1065.2"
"5/3/2023 14:00","4.7432","11.11","1064.8"
"5/3/2023 18:00","4.7421","11.109","1064.8"
"5/3/2023 22:00","4.7413","11.105","1064.3"
"5/4/2023 2:00","4.7402","11.104","1064.1"
"5/4/2023 6:00","4.7398","11.103","1064"
"5/4/2023 10:00","4.7389","11.098","1063.9"
"5/4/2023 14:00","4.7373","11.103","1063.3"
"5/4/2023 18:00","4.7357","11.09","1063.5"
"5/4/2023 22:00","4.7361","11.092","1063.7"
"5/5/2023 2:00","4.7352","11.097","1063.7"
"5/5/2023 6:00","4.7353","11.099","1062.6"
"5/5/2023 10:00","4.7353","11.091","1062.9"
"5/5/2023 14:00","4.7342","11.089","1062.7"
"5/5/2023 18:00","4.7332","11.086","1062.6"
"5/5/2023 22:00","4.7347","11.092","1062.3"
"5/6/2023 2:00","4.7341","11.088","1062.3"
"5/6/2023 6:00","4.7343","11.092","1062"
"5/6/2023 10:00","4.7334","11.084","1062.2"
"5/6/2023 14:00","4.7304","11.098","1061.7"
"5/6/2023 18:00","4.7333","11.089","1061.7"
"5/6/2023 22:00","4.7349","11.092","1061.3"
"5/7/2023 2:00","4.735","11.078","1061.6"
"5/7/2023 6:00","4.7358","11.078","1061.7"
"5/7/2023 10:00","4.7431","11.072","1061.5"
"5/7/2023 14:00","4.7421","11.086","1061.5"
"5/7/2023 18:00","4.7412","11.076","1061.1"
"5/7/2023 22:00","4.741","11.09","1061"
"5/8/2023 2:00","4.7402","11.081","1061.1"
"5/8/2023 6:00","4.7401","11.074","1060.5"
"5/8/2023 10:00","4.7484","11.065","1061.1"
"5/8/2023 14:00","4.7499","11.067","1060.9"
"5/8/2023 18:00","4.7463","11.066","1061"
"5/8/2023 22:00","4.7454","11.065","1060.6"
"5/9/2023 2:00","4.7443","11.076","1060.4"
"5/9/2023 6:00","4.745","11.066","1060.8"
"5/9/2023 10:00","4.743","11.058","1060.7"
"5/9/2023 14:00","4.7414","11.055","1060.6"
"5/9/2023 18:00","4.74","11.07","1060.2"
"5/9/2023 22:00","4.7427","11.064","1059.9"
"5/10/2023 2:00","4.7403","11.064","1060.2"
"5/10/2023 6:00","4.7409","11.052","1059.3"
"5/10/2023 10:00","4.743","11.068","1059.5"
"5/10/2023 14:00","4.7408","11.057","1059.8"
"5/10/2023 18:00","4.7382","11.052","1059.3"
"5/10/2023 22:00","4.7483","11.057","1059.3"
"5/11/2023 2:00","4.7523","11.064","1058.7"
"5/11/2023 6:00","4.7497","11.058","1058.6"
"5/11/2023 10:00","4.7493","11.062","1058.7"
"5/11/2023 14:00","4.7498","11.051","1058.8"
"5/11/2023 18:00","4.7495","11.062","1058.6"
"5/11/2023 22:00","4.7513","11.055","1058.2"
"5/12/2023 2:00","4.7516","11.053","1058.2"
"5/12/2023 6:00","4.7528","11.054","1058.1"
"5/12/2023 10:00","4.7529","11.055","1058"
"5/12/2023 14:00","4.7536","11.05","1057.8"
"5/12/2023 18:00","4.7547","11.042","1057.9"
"5/12/2023 22:00","4.762","11.042","1057.7"
"5/13/2023 2:00","4.7661","11.05","1057.3"
"5/13/2023 6:00","4.7643","11.049","1057.3"
"5/13/2023 10:00","4.7635","11.046","1057.4"
"5/13/2023 14:00","4.7646","11.053","1057.2"
"5/13/2023 18:00","4.7654","11.045","1057.2"
"5/13/2023 22:00","4.7665","11.043","1057.1"
"5/14/2023 2:00","4.7673","11.043","1056.8"
"5/14/2023 6:00","4.7684","11.048","1056.5"
"5/14/2023 10:00","4.7689","11.046","1056.7"
"5/14/2023 14:00","4.7674","11.045","1056.7"
"5/14/2023 18:00","4.7664","11.048","1056.2"
"5/14/2023 22:00","4.7707","11.047","1056.3"
"5/15/2023 2:00","4.7622","11.038","1056.2"
"5/15/2023 6:00","4.7552","11.04","1056"
"5/15/2023 10:00","4.7535","11.049","1055.9"
"5/15/2023 14:00","4.7591","11.046","1056"
"5/15/2023 18:00","4.7605","11.036","1055.7"
"5/15/2023 22:00","4.7704","11.037","1055"
"5/16/2023 2:00","4.779","11.051","1055.3"
"5/16/2023 6:00","4.785","11.056","1055.2"
"5/16/2023 10:00","4.7825","11.043","1055.3"
"5/16/2023 14:00","4.7837","11.037","1055.4"
"5/16/2023 18:00","4.7842","11.044","1055.2"
"5/16/2023 22:00","4.785","11.048","1054.8"
"5/17/2023 2:00","4.785","11.051","1055.2"
"5/17/2023 6:00","4.7882","11.04","1054.9"
"5/17/2023 10:00","4.7892","11.038","1055"
"5/17/2023 14:00","4.7892","11.045","1055.2"
"5/17/2023 18:00","4.799","11.045","1054.9"
"5/17/2023 22:00","4.7935","11.05","1055.1"
"5/18/2023 2:00","4.7898","11.049","1055.2"
"5/18/2023 6:00","4.7879","11.05","1055.2"
"5/18/2023 10:00","4.7888","11.047","1054.9"
"5/18/2023 14:00","4.7849","11.031","1055.1"
"5/18/2023 18:00","4.7807","11.045","1054.8"
"5/18/2023 22:00","4.7768","11.042","1055.4"
"5/19/2023 2:00","4.7723","11.04","1055.1"
"5/19/2023 6:00","4.7716","11.038","1055.1"
"5/19/2023 10:00","4.7747","11.035","1055.1"
"5/19/2023 14:00","4.7688","11.038","1054.9"
"5/19/2023 18:00","4.764","11.043","1054.9"
"5/19/2023 22:00","4.7614","11.037","1054.9"
"5/20/2023 2:00","4.7578","11.046","1055"
"5/20/2023 6:00","4.755","11.036","1055.1"
"5/20/2023 10:00","4.7516","11.038","1055"
"5/20/2023 14:00","4.7476","11.04","1054.9"
"5/20/2023 18:00","4.7437","11.038","1054.9"
"5/20/2023 22:00","4.7425","11.056","1054.9"
"5/21/2023 2:00","4.7396","11.042","1055"
"5/21/2023 6:00","4.7371","11.041","1054.9"
"5/21/2023 10:00","4.7343","11.042","1054.9"
"5/21/2023 14:00","4.7321","11.063","1054.7"
"5/21/2023 18:00","4.7301","11.048","1054.8"
"5/21/2023 22:00","4.729","11.041","1054.8"
"5/22/2023 2:00","4.729","11.048","1054.6"
"5/22/2023 6:00","4.7301","11.049","1054.3"
"5/22/2023 10:00","4.7289","11.045","1054"
"5/22/2023 14:00","4.7256","11.046","1054.1"
"5/22/2023 18:00","4.72","11.048","1054.1"
"5/22/2023 22:00","4.7221","11.057","1054"
"5/23/2023 2:00","4.7198","11.049","1054.1"
"5/23/2023 6:00","4.7173","11.049","1053.7"
"5/23/2023 10:00","4.7152","11.05","1054"
"5/23/2023 14:00","4.7095","11.06","1053.5"
"5/23/2023 18:00","4.7086","11.054","1053.7"
"5/23/2023 22:00","4.7152","11.064","1053.1"
"5/24/2023 2:00","4.7137","11.052","1053.5"
"5/24/2023 6:00","4.7102","11.056","1053.4"
"5/24/2023 10:00","4.7085","11.057","1053.2"
"5/24/2023 14:00","4.7085","11.053","1053"
"5/24/2023 18:00","4.7144","11.062","1053"
"5/24/2023 22:00","4.7083","11.061","1052.8"
"5/25/2023 2:00","4.7077","11.054","1052.9"
"5/25/2023 6:00","4.7072","11.067","1052.3"
"5/25/2023 10:00","4.7098","11.064","1052.9"
"5/25/2023 14:00","4.7114","11.06","1052.8"
"5/25/2023 18:00","4.7109","11.053","1052.8"
"5/25/2023 22:00","4.7148","11.057","1052.8"
"5/26/2023 2:00","4.7102","11.063","1052.3"
"5/26/2023 6:00","4.7105","11.06","1052.4"
"5/26/2023 10:00","4.7077","11.058","1052.3"
"5/26/2023 14:00","4.7066","11.055","1052.3"
"5/26/2023 18:00","4.7084","11.063","1052"
"5/26/2023 22:00","4.7098","11.059","1052.2"
"5/27/2023 2:00","4.7104","11.063","1051.9"
"5/27/2023 6:00","4.7165","11.068","1051.6"
"5/27/2023 10:00","4.7204","11.069","1051"
"5/27/2023 14:00","4.7191","11.06","1051.3"
"5/27/2023 18:00","4.7158","11.064","1051.2"
"5/27/2023 22:00","4.7222","11.061","1051.1"
"5/28/2023 2:00","4.7214","11.065","1051"
"5/28/2023 6:00","4.7212","11.066","1050.4"
"5/28/2023 10:00","4.7215","11.066","1050.6"
"5/28/2023 14:00","4.7177","11.066","1050.7"
"5/28/2023 18:00","4.7153","11.069","1050.2"
"5/28/2023 22:00","4.7209","11.068","1049.8"
"5/29/2023 2:00","4.7236","11.066","1049.7"
"5/29/2023 6:00","4.725","11.077","1049.3"
"5/29/2023 10:00","4.729","11.071","1049.6"
"5/29/2023 14:00","4.5818","11.072","1076.2"
"5/29/2023 18:00","4.5843","11.071","1073.2"
"5/29/2023 22:00","4.5868","11.075","1078.2"
"5/30/2023 2:00","4.5928","11.073","1074.6"
"5/30/2023 6:00","4.5943","11.077","1073.8"
"5/30/2023 10:00","4.5977","11.077","1075.9"
"5/30/2023 14:00","4.5981","11.078","1074.2"
"5/30/2023 18:00","4.601","11.076","1074"
"5/30/2023 22:00","4.6065","11.082","1076.6"
"5/31/2023 2:00","4.6088","11.079","1075"
"5/31/2023 6:00","4.6113","11.086","1076.6"
"5/31/2023 10:00","4.6125","11.08","1078.3"
"5/31/2023 14:00","4.6089","11.083","1079.2"
"5/31/2023 18:00","4.6061","11.084","1080.7"
"5/31/2023 22:00","4.6083","11.087","1075.3"
"6/1/2023 2:00","4.6099","11.09","1076.3"
"6/1/2023 6:00","4.6097","11.087","1081.3"
"6/1/2023 10:00","4.6094","11.088","1072.2"
"6/1/2023 14:00","4.6082","11.086","1081.3"
"6/1/2023 18:00","4.6098","11.091","1078.7"
"6/1/2023 22:00","4.6131","11.093","1080.1"
"6/2/2023 2:00","4.6168","11.091","1081.7"
"6/2/2023 6:00","4.6229","11.094","1081.8"
"6/2/2023 10:00","4.6254","11.096","1082.8"
"6/2/2023 14:00","4.6262","11.096","1082.1"
"6/2/2023 18:00","4.629","11.097","1084.7"
"6/2/2023 22:00","4.6364","11.096","1082.5"
"6/3/2023 2:00","4.6448","11.098","1084.1"
"6/3/2023 6:00","4.6409","11.101","1084.9"
"6/3/2023 10:00","4.6412","11.101","1084.2"
"6/3/2023 14:00","4.6409","11.103","1083.3"
"6/3/2023 18:00","4.6414","11.106","1085.6"
"6/3/2023 22:00","4.6433","11.102","1086.1"
"6/4/2023 2:00","4.6438","11.107","1084.8"
"6/4/2023 6:00","4.6447","11.106","1086.8"
"6/4/2023 10:00","4.6457","11.11","1084.7"
"6/4/2023 14:00","4.6472","11.108","1084"
"6/4/2023 18:00","4.6476","11.111","1083"
"6/4/2023 22:00","4.6578","11.114","1086.1"
"6/5/2023 2:00","4.6543","11.115","1085.4"
"6/5/2023 6:00","4.6555","11.112","1082.6"
"6/5/2023 10:00","4.6557","11.116","1084.4"
"6/5/2023 14:00","4.6565","11.115","1084.6"
"6/5/2023 18:00","4.6562","11.119","1084.7"
"6/5/2023 22:00","4.6591","11.119","1083.5"
"6/6/2023 2:00","4.659","11.119","1085.6"
"6/6/2023 6:00","4.6603","11.121","1084.7"
"6/6/2023 10:00","4.6614","11.126","1085.2"
"6/6/2023 14:00","4.6629","11.127","1084.1"
"6/6/2023 18:00","4.6631","11.128","1084.5"
"6/6/2023 22:00","4.6617","11.127","1086.3"
"6/7/2023 2:00","4.6624","11.13","1084.8"
"6/7/2023 6:00","4.665","11.13","1085.7"
"6/7/2023 10:00","4.6703","11.133","1087"
"6/7/2023 14:00","4.6735","11.132","1087.7"
"6/7/2023 18:00","4.6767","11.133","1085.4"
"6/7/2023 22:00","4.6749","11.137","1085.3"
"6/8/2023 2:00","4.6753","11.134","1086.8"
"6/8/2023 6:00","4.6765","11.136","1085.9"
"6/8/2023 10:00","4.677","11.143","1085.5"
"6/8/2023 14:00","4.6771","11.141","1083.8"
"6/8/2023 18:00","4.6784","11.144","1086.1"
"6/8/2023 22:00","4.6799","11.144","1085.7"
"6/9/2023 2:00","4.6807","11.142","1085.2"
"6/9/2023 6:00","4.6823","11.144","1086.9"
"6/9/2023 10:00","4.6831","11.145","1086.9"
"6/9/2023 14:00","4.6837","11.147","1086"
"6/9/2023 18:00","4.6852","11.146","1085.7"
"6/9/2023 22:00","4.6864","11.153","1086.1"
"6/10/2023 2:00","4.6841","11.156","1085.7"
"6/10/2023 6:00","4.6929","11.154","1085.5"
"6/10/2023 10:00","4.6994","11.156","1085.9"
"6/10/2023 14:00","4.6944","11.154","1086.9"
"6/10/2023 18:00","4.6952","11.155","1086.4"
"6/10/2023 22:00","4.6961","11.16","1087.5"
"6/11/2023 2:00","4.6961","11.158","1088.6"
"6/11/2023 6:00","4.6966","11.161","1090.3"
"6/11/2023 10:00","4.7059","11.164","1092.7"
"6/11/2023 14:00","4.7081","11.162","1093.7"
"6/11/2023 18:00","4.7039","11.166","1094.7"
"6/11/2023 22:00","4.704","11.164","1094.6"
"6/12/2023 2:00","4.7044","11.168","1095.7"
"6/12/2023 6:00","4.7053","11.169","1096.7"
"6/12/2023 10:00","4.7043","11.169","1097.2"
"6/12/2023 14:00","4.7018","11.17","1097.2"
"6/12/2023 18:00","4.7032","11.174","1098"
"6/12/2023 22:00","4.7103","11.179","1097.7"
"6/13/2023 2:00","4.7072","11.179","1097.7"
"6/13/2023 6:00","4.7088","11.18","1098"
"6/13/2023 10:00","4.7116","11.181","1098.5"
"6/13/2023 14:00","4.7135","11.184","1098.7"
"6/13/2023 18:00","4.7151","11.182","1098.3"
"6/13/2023 22:00","4.7185","11.186","1098.6"
"6/14/2023 2:00","4.7135","11.185","1098.8"
"6/14/2023 6:00","4.7149","11.19","1098.2"
"6/14/2023 10:00","4.7134","11.191","1098.6"
"6/14/2023 14:00","4.7134","11.194","1098.2"
"6/14/2023 18:00","4.7137","11.193","1098.3"
"6/14/2023 22:00","4.7113","11.193","1098.1"
"6/15/2023 2:00","4.716","11.196","1098"
"6/15/2023 6:00","4.7214","11.197","1098.3"
"6/15/2023 10:00","4.7199","11.206","1098.3"
"6/15/2023 14:00","4.7195","11.199","1098.5"
"6/15/2023 18:00","4.7192","11.204","1097.5"
"6/15/2023 22:00","4.7203","11.205","1097.4"
"6/16/2023 2:00","4.7206","11.208","1097.5"
"6/16/2023 6:00","4.7211","11.208","1097"
"6/16/2023 10:00","4.7215","11.208","1097.1"
"6/16/2023 14:00","4.7213","11.21","1096.8"
"6/16/2023 18:00","4.7223","11.213","1096.3"
"6/16/2023 22:00","4.7232","11.212","1096.5"
"6/17/2023 2:00","4.723","11.216","1096.5"
"6/17/2023 6:00","4.724","11.22","1096.2"
"6/17/2023 10:00","4.7222","11.216","1095.8"
"6/17/2023 14:00","4.7242","11.218","1095.4"
"6/17/2023 18:00","4.7274","11.223","1095.2"
"6/17/2023 22:00","4.7358","11.225","1094.8"
"6/18/2023 2:00","4.7306","11.224","1094.3"
"6/18/2023 6:00","4.7308","11.223","1094.9"
"6/18/2023 10:00","4.7316","11.23","1094.1"
"6/18/2023 14:00","4.7316","11.232","1093.4"
"6/18/2023 18:00","4.7328","11.231","1094"
"6/18/2023 22:00","4.7384","11.231","1094"
"6/19/2023 2:00","4.7421","11.236","1093.5"
"6/19/2023 6:00","4.7382","11.239","1093.2"
"6/19/2023 10:00","4.738","11.242","1093.1"
"6/19/2023 14:00","4.738","11.243","1092.8"
"6/19/2023 18:00","4.7392","11.247","1092.2"
"6/19/2023 22:00","4.7397","11.244","1092"
"6/20/2023 2:00","4.7371","11.246","1091.7"
"6/20/2023 6:00","4.7432","11.25","1091.9"
"6/20/2023 10:00","4.7484","11.251","1091.6"
"6/20/2023 14:00","4.7491","11.253","1091.1"
"6/20/2023 18:00","4.7486","11.253","1090.9"
"6/20/2023 22:00","4.7526","11.258","1090.7"
"6/21/2023 2:00","4.7481","11.262","1090.9"
"6/21/2023 6:00","4.7485","11.262","1090.9"
"6/21/2023 10:00","4.7492","11.265","1090.9"
"6/21/2023 14:00","4.7494","11.266","1090"
"6/21/2023 18:00","4.7466","11.268","1089.5"
"6/21/2023 22:00","4.753","11.27","1089.5"
"6/22/2023 2:00","4.7561","11.272","1089.8"
"6/22/2023 6:00","4.7569","11.279","1089.5"
"6/22/2023 10:00","4.7566","11.278","1089.1"
"6/22/2023 14:00","4.7573","11.282","1088.4"
"6/22/2023 18:00","4.7575","11.283","1088.3"
"6/22/2023 22:00","4.7586","11.285","1088.2"
"6/23/2023 2:00","4.7585","11.286","1087.7"
"6/23/2023 6:00","4.7594","11.288","1087.1"
"6/23/2023 10:00","4.7596","11.292","1086.9"
"6/23/2023 14:00","4.7603","11.292","1086.5"
"6/23/2023 18:00","4.7598","11.295","1087.1"
"6/23/2023 22:00","4.7693","11.298","1086.6"
"6/24/2023 2:00","4.7682","11.299","1086.5"
"6/24/2023 6:00","4.7682","11.301","1085.8"
"6/24/2023 10:00","4.7669","11.304","1086.1"
"6/24/2023 14:00","4.7768","11.305","1085.5"
"6/24/2023 18:00","4.7726","11.309","1085.8"
"6/24/2023 22:00","4.7728","11.311","1085.5"
"6/25/2023 2:00","4.7734","11.312","1085.5"
"6/25/2023 6:00","4.7739","11.316","1085.1"
"6/25/2023 10:00","4.775","11.317","1083.7"
"6/25/2023 14:00","4.7745","11.317","1084.3"
"6/25/2023 18:00","4.7757","11.319","1083.3"
"6/25/2023 22:00","4.7768","11.325","1083.3"
"6/26/2023 2:00","4.7734","11.328","1083.7"
"6/26/2023 6:00","4.7764","11.329","1083.7"
"6/26/2023 10:00","4.7803","11.332","1083.2"
"6/26/2023 14:00","4.782","11.387","1068.4"
"6/26/2023 18:00","4.7719","11.37","1065.4"
"6/26/2023 22:00","4.7721","11.363","1066.9"
"6/27/2023 2:00","4.7808","11.367","1065.4"
"6/27/2023 6:00","4.7784","11.368","1065.2"
"6/27/2023 10:00","4.7798","11.368","1064.7"
"6/27/2023 14:00","4.7793","11.37","1066.7"
"6/27/2023 18:00","4.7768","11.373","1067.7"
"6/27/2023 22:00","4.7783","11.374","1069.2"
"6/28/2023 2:00","4.7815","11.371","1071.5"
"6/28/2023 6:00","4.7804","11.375","1072.9"
"6/28/2023 10:00","4.7797","11.372","1075.3"
"6/28/2023 14:00","4.7788","11.377","1076.4"
"6/28/2023 18:00","4.7818","11.373","1077.3"
"6/28/2023 22:00","4.7834","11.373","1078.5"
"6/29/2023 2:00","4.7841","11.374","1080.6"
"6/29/2023 6:00","4.786","11.374","1082.1"
"6/29/2023 10:00","4.7876","11.372","1082.8"
"6/29/2023 14:00","4.7857","11.374","1083.2"
"6/29/2023 18:00","4.7836","11.377","1082.7"
"6/29/2023 22:00","4.7862","11.375","1081.9"
"6/30/2023 2:00","4.7863","11.381","1081.6"
"6/30/2023 6:00","4.7873","11.383","1081.3"
"6/30/2023 10:00","4.7874","11.387","1080.7"
"6/30/2023 14:00","4.7848","11.39","1080.4"
"6/30/2023 18:00","4.7829","11.39","1079.6"
"6/30/2023 22:00","4.7879","11.391","1079.5"
"7/1/2023 2:00","4.7874","11.389","1079.2"
"7/1/2023 6:00","4.7846","11.398","1079"
"7/1/2023 10:00","4.786","11.4","1079.3"
"7/1/2023 14:00","4.7847","11.4","1078.7"
"7/1/2023 18:00","4.7837","11.406","1078.5"
"7/1/2023 22:00","4.7866","11.41","1078"
"7/2/2023 2:00","4.7915","11.409","1077.9"
"7/2/2023 6:00","4.7921","11.413","1077.4"
"7/2/2023 10:00","4.7943","11.423","1078.3"
"7/2/2023 14:00","4.7969","11.416","1078"
"7/2/2023 18:00","4.8065","11.42","1076.9"
"7/2/2023 22:00","4.8032","11.421","1077.1"
"7/3/2023 2:00","4.8033","11.424","1077.3"
"7/3/2023 6:00","4.8039","11.431","1077.4"
"7/3/2023 10:00","4.8032","11.438","1076.6"
"7/3/2023 14:00","4.8049","11.437","1075.8"
"7/3/2023 18:00","4.8056","11.44","1074.9"
"7/3/2023 22:00","4.8164","11.443","1074.6"
"7/4/2023 2:00","4.812","11.444","1074.9"
"7/4/2023 6:00","4.8126","11.449","1075.6"
"7/4/2023 10:00","4.8125","11.454","1074.9"
"7/4/2023 14:00","4.8127","11.459","1074.4"
"7/4/2023 18:00","4.814","11.458","1073"
"7/4/2023 22:00","4.8148","11.458","1072.6"
"7/5/2023 2:00","4.8126","11.466","1072.6"
"7/5/2023 6:00","4.8164","11.466","1073.3"
"7/5/2023 10:00","4.8204","11.475","1072.9"
"7/5/2023 14:00","4.8173","11.475","1071.6"
"7/5/2023 18:00","4.8097","11.476","1070.4"
"7/5/2023 22:00","4.8322","11.478","1070.6"
"7/6/2023 2:00","4.8249","11.479","1070.8"
"7/6/2023 6:00","4.8267","11.485","1070.9"
"7/6/2023 10:00","4.8254","11.485","1070.3"
"7/6/2023 14:00","4.8306","11.489","1069.4"
"7/6/2023 18:00","4.8337","11.494","1069.4"
"7/6/2023 22:00","4.8324","11.496","1069.2"
"7/7/2023 2:00","4.8311","11.497","1069.1"
"7/7/2023 6:00","4.8312","11.501","1069.3"
"7/7/2023 10:00","4.8321","11.505","1068.2"
"7/7/2023 14:00","4.8333","11.505","1067.5"
"7/7/2023 18:00","4.8334","11.515","1066.7"
"7/7/2023 22:00","4.8355","11.516","1066.9"
"7/8/2023 2:00","4.8364","11.513","1066.9"
"7/8/2023 6:00","4.8403","11.518","1066.9"
"7/8/2023 10:00","4.8454","11.523","1066.9"
"7/8/2023 14:00","4.8462","11.527","1066.7"
"7/8/2023 18:00","4.8482","11.53","1066.1"
"7/8/2023 22:00","4.8478","11.532","1066.1"
"7/9/2023 2:00","4.8466","11.537","1066.3"
"7/9/2023 6:00","4.8451","11.539","1066.1"
"7/9/2023 10:00","4.8488","11.543","1065.6"
"7/9/2023 14:00","4.8519","11.545","1065.1"
"7/9/2023 18:00","4.8526","11.548","1064.9"
"7/9/2023 22:00","4.8537","11.548","1064.5"
"7/10/2023 2:00","4.8519","11.553","1064.5"
"7/10/2023 6:00","4.8548","11.559","1064.4"
"7/10/2023 10:00","4.8611","11.563","1064.6"
"7/10/2023 14:00","4.8626","11.564","1063.8"
"7/10/2023 18:00","4.8623","11.571","1063.5"
"7/10/2023 22:00","4.8662","11.571","1063.1"
"7/11/2023 2:00","4.8608","11.577","1063.4"
"7/11/2023 6:00","4.8604","11.575","1063.7"
"7/11/2023 10:00","4.8614","11.58","1063.8"
"7/11/2023 14:00","4.8666","11.584","1063"
"7/11/2023 18:00","4.8636","11.591","1062.1"
"7/11/2023 22:00","4.8584","11.592","1062.4"
"7/12/2023 2:00","4.8608","11.599","1062.9"
"7/12/2023 6:00","4.8601","11.603","1063.4"
"7/12/2023 10:00","4.8601","11.608","1062.9"
"7/12/2023 14:00","4.8612","11.609","1061.8"
"7/12/2023 18:00","4.8611","11.616","1061.7"
"7/12/2023 22:00","4.8557","11.619","1061.6"
"7/13/2023 2:00","4.8568","11.623","1062.6"
"7/13/2023 6:00","4.8581","11.626","1063"
"7/13/2023 10:00","4.8541","11.633","1063.1"
"7/13/2023 14:00","4.8521","11.637","1063"
"7/13/2023 18:00","4.8563","11.638","1062.8"
"7/13/2023 22:00","4.8528","11.642","1062.2"
"7/14/2023 2:00","4.8563","11.644","1062.8"
"7/14/2023 6:00","4.8476","11.647","1063.7"
"7/14/2023 10:00","4.8569","11.652","1062.8"
"7/14/2023 14:00","4.8556","11.65","1062.1"
"7/14/2023 18:00","4.8548","11.655","1060.8"
"7/14/2023 22:00","4.8527","11.656","1061.2"
"7/15/2023 2:00","4.8525","11.658","1061.2"
"7/15/2023 6:00","4.8583","11.664","1061.4"
"7/15/2023 10:00","4.8612","11.666","1061.7"
"7/15/2023 14:00","4.8606","11.667","1060.9"
"7/15/2023 18:00","4.8616","11.672","1059.4"
"7/15/2023 22:00","4.8601","11.676","1058.9"
"7/16/2023 2:00","4.8598","11.674","1059.9"
"7/16/2023 6:00","4.8643","11.677","1059.7"
"7/16/2023 10:00","4.8671","11.684","1060"
"7/16/2023 14:00","4.8649","11.686","1058.9"
"7/16/2023 18:00","4.861","11.689","1057.8"
"7/16/2023 22:00","4.8723","11.692","1057.5"
"7/17/2023 2:00","4.8686","11.694","1057.4"
"7/17/2023 6:00","4.8669","11.701","1057.9"
"7/17/2023 10:00","4.8737","11.702","1057.2"
"7/17/2023 14:00","4.8716","11.707","1054.6"
"7/17/2023 18:00","4.8584","11.71","1052.8"
"7/17/2023 22:00","4.8597","11.712","1052.1"
"7/18/2023 2:00","4.8679","11.713","1052.8"
"7/18/2023 6:00","4.8675","11.718","1053.2"
"7/18/2023 10:00","4.8686","11.723","1054"
"7/18/2023 14:00","4.8666","11.727","1054.3"
"7/18/2023 18:00","4.8636","11.731","1052.5"
"7/18/2023 22:00","4.8664","11.737","1053.2"
"7/19/2023 2:00","4.8637","11.734","1053.1"
"7/19/2023 6:00","4.8636","11.743","1053"
"7/19/2023 10:00","4.8649","11.746","1051.8"
"7/19/2023 14:00","4.8613","11.745","1052.4"
"7/19/2023 18:00","4.8611","11.749","1051.9"
"7/19/2023 22:00","4.8681","11.756","1051.4"
"7/20/2023 2:00","4.8728","11.756","1051.1"
"7/20/2023 6:00","4.8716","11.759","1050.1"
"7/20/2023 10:00","4.8732","11.762","1049.7"
"7/20/2023 14:00","4.8762","11.769","1050.1"
"7/20/2023 18:00","4.8763","11.771","1049.7"
"7/20/2023 22:00","4.876","11.776","1049.5"
"7/21/2023 2:00","4.8796","11.779","1049.9"
"7/21/2023 6:00","4.878","11.782","1049.3"
"7/21/2023 10:00","4.8774","11.788","1048.4"
"7/21/2023 14:00","4.873","11.791","1048.4"
"7/21/2023 18:00","4.8744","11.794","1048.5"
"7/21/2023 22:00","4.8726","11.795","1048.8"
"7/22/2023 2:00","4.8808","11.799","1046.2"
"7/22/2023 6:00","4.8862","11.804","1044.5"
"7/22/2023 10:00","4.8805","11.805","1045.9"
"7/22/2023 14:00","4.8887","11.81","1043.7"
"7/22/2023 18:00","4.8891","11.814","1042"
"7/22/2023 22:00","4.882","11.817","1040.1"
"7/23/2023 2:00","4.8913","11.822","1040.4"
"7/23/2023 6:00","4.8919","11.826","1040.4"
"7/23/2023 10:00","4.8911","11.829","1039.4"
"7/23/2023 14:00","4.8914","11.832","1035.5"
"7/23/2023 18:00","4.8909","11.835","1033.5"
"7/23/2023 22:00","4.8932","11.841","1032.3"
"7/24/2023 2:00","4.8935","11.845","1032"
"7/24/2023 6:00","4.8951","11.848","1030"
"7/24/2023 10:00","4.896","11.851","1028.7"
"7/24/2023 14:00","4.8965","11.856","1027.6"
"7/24/2023 18:00","4.8934","11.861","1026.8"
"7/24/2023 22:00","4.9042","11.866","1025.9"
"7/25/2023 2:00","4.8975","11.868","1033.1"
"7/25/2023 6:00","4.902","11.873","1034.2"
"7/25/2023 10:00","4.9026","11.876","1033.1"
"7/25/2023 14:00","4.9011","11.881","1032.1"
"7/25/2023 18:00","4.9034","11.883","1029.5"
"7/25/2023 22:00","4.9035","11.888","1028"
"7/26/2023 2:00","4.9027","11.893","1025.8"
"7/26/2023 6:00","4.9051","11.895","1020.7"
"7/26/2023 10:00","4.9045","11.896","1017.7"
"7/26/2023 14:00","4.8854","11.946","1038.9"
"7/26/2023 18:00","4.8847","11.949","1038.2"
"7/26/2023 22:00","4.8786","11.952","1035.9"
"7/27/2023 2:00","4.8666","11.961","1036.2"
"7/27/2023 6:00","4.8614","11.965","1037.1"
"7/27/2023 10:00","4.8595","11.959","1037.6"
"7/27/2023 14:00","4.8487","11.962","1036.7"
"7/27/2023 18:00","4.843","11.956","1037.7"
"7/27/2023 22:00","4.8401","11.953","1037.9"
"7/28/2023 2:00","4.8368","11.94","1040.1"
"7/28/2023 6:00","4.8336","11.935","1038"
"7/28/2023 10:00","4.8352","11.94","1037.6"
"7/28/2023 14:00","4.8338","11.935","1038"
"7/28/2023 18:00","4.8338","11.939","1037.5"
"7/28/2023 22:00","4.8372","11.942","1037.8"
"7/29/2023 2:00","4.8416","11.942","1038"
"7/29/2023 6:00","4.8462","11.942","1037.7"
"7/29/2023 10:00","4.845","11.946","1037.1"
"7/29/2023 14:00","4.8426","11.951","1037.2"
"7/29/2023 18:00","4.8395","11.949","1037"
"7/29/2023 22:00","4.8366","11.957","1036.3"
"7/30/2023 2:00","4.8334","11.958","1035.8"
"7/30/2023 6:00","4.831","11.965","1034.1"
"7/30/2023 10:00","4.8331","11.969","1033.4"
"7/30/2023 14:00","4.8316","11.973","1032.4"
"7/30/2023 18:00","4.8297","11.981","1031.5"
"7/30/2023 22:00","4.8252","11.983","1030.5"
"7/31/2023 2:00","4.823","11.99","1029.1"
"7/31/2023 6:00","4.8219","11.992","1029"
"7/31/2023 10:00","4.8241","11.999","1027.6"
"7/31/2023 14:00","4.8211","12.001","1025.4"
"7/31/2023 18:00","4.8187","12.008","1024.6"
"7/31/2023 22:00","4.8162","12.01","1023.9"
"8/1/2023 2:00","4.814","12.016","1022.5"
"8/1/2023 6:00","4.8121","12.021","1021.9"
"8/1/2023 10:00","4.8114","12.025","1021.6"
"8/1/2023 14:00","4.8097","12.028","1021.7"
"8/1/2023 18:00","4.804","12.032","1021"
"8/1/2023 22:00","4.8119","12.037","1019.8"
"8/2/2023 2:00","4.8081","12.042","1019.4"
"8/2/2023 6:00","4.8056","12.046","1019.8"
"8/2/2023 10:00","4.8089","12.044","1020.1"
"8/2/2023 14:00","4.8048","12.054","1020"
"8/2/2023 18:00","4.8032","12.056","1019.8"
"8/2/2023 22:00","4.8052","12.061","1019.5"
"8/3/2023 2:00","4.8047","12.064","1020"
"8/3/2023 6:00","4.8023","12.072","1019.4"
"8/3/2023 10:00","4.8038","12.073","1020.1"
"8/3/2023 14:00","4.7972","12.077","1020.6"
"8/3/2023 18:00","4.8044","12.083","1019.1"
"8/3/2023 22:00","4.7977","12.086","1019.9"
"8/4/2023 2:00","4.8029","12.09","1020"
"8/4/2023 6:00","4.8006","12.097","1019.2"
"8/4/2023 10:00","4.7971","12.1","1019.1"
"8/4/2023 14:00","4.7964","12.104","1019.2"
"8/4/2023 18:00","4.7969","12.107","1019.8"
"8/4/2023 22:00","4.7975","12.114","1020.6"
"8/5/2023 2:00","4.7971","12.118","1020.5"
"8/5/2023 6:00","4.7969","12.122","1020.1"
"8/5/2023 10:00","4.7864","12.125","1021.1"
"8/5/2023 14:00","4.7847","12.125","1021.5"
"8/5/2023 18:00","4.7827","12.127","1021.5"
"8/5/2023 22:00","4.7841","12.135","1020.9"
"8/6/2023 2:00","4.7769","12.144","1021.8"
"8/6/2023 6:00","4.7663","12.149","1022.2"
"8/6/2023 10:00","4.7606","12.156","1022.4"
"8/6/2023 14:00","4.7581","12.163","1022.3"
"8/6/2023 18:00","4.7503","12.171","1023.5"
"8/6/2023 22:00","4.7467","12.179","1021.8"
"8/7/2023 2:00","4.7412","12.187","1019.6"
"8/7/2023 6:00","4.7374","12.192","1020.8"
"8/7/2023 10:00","4.7302","12.194","1019.4"
"8/7/2023 14:00","4.7278","12.198","1018.9"
"8/7/2023 18:00","4.7229","12.2","1019.9"
"8/7/2023 22:00","4.7173","12.204","1019.6"
"8/8/2023 2:00","4.7129","12.208","1018.6"
"8/8/2023 6:00","4.7041","12.213","1015.9"
"8/8/2023 10:00","4.6968","12.217","1015.3"
"8/8/2023 14:00","4.6903","12.218","1014"
"8/8/2023 18:00","4.6839","12.22","1015.9"
"8/8/2023 22:00","4.6776","12.22","1016.8"
"8/9/2023 2:00","4.67","12.226","1016.6"
"8/9/2023 6:00","4.6615","12.233","1015"
"8/9/2023 10:00","4.6532","12.234","1016.1"
"8/9/2023 14:00","4.6433","12.235","1020.7"
"8/9/2023 18:00","4.633","12.235","1024.2"
"8/9/2023 22:00","4.6265","12.24","1026.2"
"8/10/2023 2:00","4.6154","12.242","1028.8"
"8/10/2023 6:00","4.6086","12.245","1029.5"
"8/10/2023 10:00","4.6014","12.248","1030.4"
"8/10/2023 14:00","4.591","12.251","1030.7"
"8/10/2023 18:00","4.5852","12.254","1031.6"
"8/10/2023 22:00","4.5787","12.259","1031.3"
"8/11/2023 2:00","4.5707","12.26","1030.9"
"8/11/2023 6:00","4.5649","12.262","1030.9"
"8/11/2023 10:00","4.5592","12.265","1031.9"
"8/11/2023 14:00","4.5512","12.269","1032.6"
"8/11/2023 18:00","4.5468","12.269","1033.4"
"8/11/2023 22:00","4.5428","12.27","1032.9"
"8/12/2023 2:00","4.5408","12.276","1033.4"
"8/12/2023 6:00","4.5387","12.281","1033.4"
"8/12/2023 10:00","4.5313","12.284","1033.7"
"8/12/2023 14:00","4.5267","12.287","1033.3"
"8/12/2023 18:00","4.5233","12.294","1033"
"8/12/2023 22:00","4.5247","12.297","1032.3"
"8/13/2023 2:00","4.5219","12.301","1032.4"
"8/13/2023 6:00","4.5188","12.302","1032.7"
"8/13/2023 10:00","4.518","12.307","1032.8"
"8/13/2023 14:00","4.5159","12.313","1032.1"
"8/13/2023 18:00","4.5144","12.318","1033.5"
"8/13/2023 22:00","4.5106","12.32","1034.4"
"8/14/2023 2:00","4.5098","12.326","1035.7"
"8/14/2023 6:00","4.5115","12.329","1035.4"
"8/14/2023 10:00","4.5119","12.333","1035.8"
"8/14/2023 14:00","4.509","12.341","1036.9"
"8/14/2023 18:00","4.5086","12.344","1035.9"
"8/14/2023 22:00","4.5114","12.349","1034"
"8/15/2023 2:00","4.5115","12.351","1033.6"
"8/15/2023 6:00","4.5126","12.358","1033.1"
"8/15/2023 10:00","4.5121","12.36","1033.2"
"8/15/2023 14:00","4.5107","12.367","1032.9"
"8/15/2023 18:00","4.5105","12.372","1032.7"
"8/15/2023 22:00","4.515","12.379","1032.8"
"8/16/2023 2:00","4.5155","12.385","1033.2"
"8/16/2023 6:00","4.5135","12.389","1033.3"
"8/16/2023 10:00","4.5173","12.394","1034"
"8/16/2023 14:00","4.5183","12.398","1034.9"
"8/16/2023 18:00","4.5201","12.403","1035.1"
"8/16/2023 22:00","4.5222","12.41","1036.8"
"8/17/2023 2:00","4.5238","12.413","1036.5"
"8/17/2023 6:00","4.5249","12.42","1035.5"
"8/17/2023 10:00","4.5278","12.423","1035.6"
"8/17/2023 14:00","4.5286","12.429","1036.1"
"8/17/2023 18:00","4.5307","12.436","1035.6"
"8/17/2023 22:00","4.5255","12.442","1037.1"
"8/18/2023 2:00","4.5289","12.447","1038.7"
"8/18/2023 6:00","4.5309","12.449","1039"
"8/18/2023 10:00","4.5344","12.46","1039.2"
"8/18/2023 14:00","4.5331","12.464","1039.9"
"8/18/2023 18:00","4.5361","12.471","1040.1"
"8/18/2023 22:00","4.542","12.474","1041.1"
"8/19/2023 2:00","4.5423","12.479","1041.4"
"8/19/2023 6:00","4.5451","12.484","1041.1"
"8/19/2023 10:00","4.5492","12.491","1041.4"
"8/19/2023 14:00","4.5486","12.495","1041.2"
"8/19/2023 18:00","4.5505","12.503","1041.9"
"8/19/2023 22:00","4.5564","12.509","1042.8"
"8/20/2023 2:00","4.5565","12.515","1044.1"
"8/20/2023 6:00","4.5591","12.522","1044.9"
"8/20/2023 10:00","4.5637","12.524","1047.3"
"8/20/2023 14:00","4.5616","12.532","1049.2"
"8/20/2023 18:00","4.5627","12.539","1050.2"
"8/20/2023 22:00","4.5719","12.54","1051.3"
"8/21/2023 2:00","4.5738","12.548","1052.1"
"8/21/2023 6:00","4.5741","12.553","1052.2"
"8/21/2023 10:00","4.5776","12.557","1051.3"
"8/21/2023 14:00","4.5785","12.562","1053.2"
"8/21/2023 18:00","4.5752","12.568","1055.3"
"8/21/2023 22:00","4.5836","12.574","1057"
"8/22/2023 2:00","4.5856","12.581","1056.7"
"8/22/2023 6:00","4.5855","12.588","1057.7"
"8/22/2023 10:00","4.5884","12.593","1058.4"
"8/22/2023 14:00","4.5855","12.6","1058.9"
"8/22/2023 18:00","4.5856","12.606","1059.9"
"8/22/2023 22:00","4.5873","12.608","1060.1"
"8/23/2023 2:00","4.5884","12.618","1061.5"
"8/23/2023 6:00","4.5954","12.624","1062.2"
"8/23/2023 10:00","4.6027","12.629","1062.6"
"8/23/2023 14:00","4.6038","12.638","1062.1"
"8/23/2023 18:00","4.6041","12.644","1063.4"
"8/23/2023 22:00","4.6099","12.647","1063.7"
"8/24/2023 2:00","4.6103","12.656","1064.1"
"8/24/2023 6:00","4.6122","12.661","1063.4"
"8/24/2023 10:00","4.6145","12.662","1062.9"
"8/24/2023 14:00","4.6118","12.67","1064"
"8/24/2023 18:00","4.6089","12.677","1063.6"
"8/24/2023 22:00","4.6142","12.681","1063.9"
"8/25/2023 2:00","4.6132","12.687","1063.5"
"8/25/2023 6:00","4.6131","12.693","1062.9"
"8/25/2023 10:00","4.6119","12.702","1064"
"8/25/2023 14:00","4.6164","12.703","1063.8"
"8/25/2023 18:00","4.6188","12.709","1064.3"
"8/25/2023 22:00","4.6253","12.715","1063.8"
"8/26/2023 2:00","4.6259","12.72","1065"
"8/26/2023 6:00","4.6294","12.724","1063.9"
"8/26/2023 10:00","4.6346","12.732","1064"
"8/26/2023 14:00","4.6357","12.738","1064"
"8/26/2023 18:00","4.6342","12.738","1062.5"
"8/26/2023 22:00","4.6359","12.745","1060"
"8/27/2023 2:00","4.6368","12.751","1060"
"8/27/2023 6:00","4.6369","12.756","1059.7"
"8/27/2023 10:00","4.6384","12.765","1059.2"
"8/27/2023 14:00","4.6357","12.766","1059.8"
"8/27/2023 18:00","4.636","12.773","1058.6"
"8/27/2023 22:00","4.642","12.78","1058.8"
"8/28/2023 2:00","4.6452","12.785","1059"
"8/28/2023 6:00","4.6495","12.791","1059"
"8/28/2023 10:00","4.65","12.795","1058.9"
"8/28/2023 14:00","4.6502","12.801","1058"
"8/28/2023 18:00","4.6502","12.808","1058.4"
"8/28/2023 22:00","4.6489","12.81","1058.6"
"8/29/2023 2:00","4.6446","12.818","1058"
"8/29/2023 6:00","4.6516","12.82","1057.9"
"8/29/2023 10:00","4.6557","12.827","1058.2"
"8/29/2023 14:00","4.658","12.832","1057.8"
"8/29/2023 18:00","4.6586","12.834","1057.3"
"8/29/2023 22:00","4.6584","12.838","1057.1"
"8/30/2023 2:00","4.6619","12.845","1056"
"8/30/2023 6:00","4.6592","12.851","1054.9"
"8/30/2023 10:00","4.6639","12.861","1054.3"
"8/30/2023 14:00","4.6627","12.868","1054.6"
"8/30/2023 18:00","4.6663","12.873","1054.2"
"8/30/2023 22:00","4.6688","12.878","1053.4"
"8/31/2023 2:00","4.6642","12.884","1053.6"
"8/31/2023 6:00","4.6632","12.887","1053.3"
"8/31/2023 10:00","4.6628","12.891","1052.9"
"8/31/2023 14:00","4.6643","12.897","1053.6"
"8/31/2023 18:00","4.666","12.9","1053.2"
"8/31/2023 22:00","4.6581","12.907","1052.8"
"9/1/2023 2:00","4.6586","12.908","1051.2"
"9/1/2023 6:00","4.6571","12.915","1051.7"
"9/1/2023 10:00","4.6582","12.919","1051.7"
"9/1/2023 14:00","4.656","12.922","1053"
"9/1/2023 18:00","4.6551","12.927","1051.8"
"9/1/2023 22:00","4.6563","12.929","1050.9"
"9/2/2023 2:00","4.6522","12.935","1050.7"
"9/2/2023 6:00","4.6529","12.94","1050.5"
"9/2/2023 10:00","4.6548","12.947","1049"
"9/2/2023 14:00","4.6512","12.952","1049.9"
"9/2/2023 18:00","4.6483","12.955","1050.2"
"9/2/2023 22:00","4.6473","12.963","1049.8"
"9/3/2023 2:00","4.6419","12.966","1049"
"9/3/2023 6:00","4.6383","12.97","1048.2"
"9/3/2023 10:00","4.639","12.977","1047.7"
"9/3/2023 14:00","4.6345","12.981","1048"
"9/3/2023 18:00","4.634","12.986","1050.3"
"9/3/2023 22:00","4.6346","12.992","1049.6"
"9/4/2023 2:00","4.6309","12.994","1049.1"
"9/4/2023 6:00","4.6294","13","1049.3"
"9/4/2023 10:00","4.6293","13.006","1049.6"
"9/4/2023 14:00","4.6224","13.011","1049.6"
"9/4/2023 18:00","4.62","13.016","1048.5"
"9/4/2023 22:00","4.622","13.02","1047.9"
"9/5/2023 2:00","4.6196","13.026","1047.3"
"9/5/2023 6:00","4.6188","13.032","1046.6"
"9/5/2023 10:00","4.619","13.037","1046.3"
"9/5/2023 14:00","4.6142","13.043","1045.1"
"9/5/2023 18:00","4.6134","13.045","1047.3"
"9/5/2023 22:00","4.6164","13.05","1046.8"
"9/6/2023 2:00","4.619","13.056","1045.7"
"9/6/2023 6:00","4.6201","13.06","1045.2"
"9/6/2023 10:00","4.6153","13.072","1042.5"
"9/6/2023 14:00","4.6105","13.084","1039.8"
"9/6/2023 18:00","4.6108","13.086","1040.5"
"9/6/2023 22:00","4.6127","13.086","1039.2"
"9/7/2023 2:00","4.6143","13.086","1039.8"
"9/7/2023 6:00","4.6158","13.085","1040.7"
"9/7/2023 10:00","4.6181","13.087","1038.9"
"9/7/2023 14:00","4.6196","13.085","1039"
"9/7/2023 18:00","4.6207","13.085","1037"
"9/7/2023 22:00","4.6231","13.085","1037.5"
"9/8/2023 2:00","4.6254","13.084","1037.4"
"9/8/2023 6:00","4.6267","13.087","1035.9"
"9/8/2023 10:00","4.6294","13.086","1033.7"
"9/8/2023 14:00","4.6309","13.085","1030.2"
"9/8/2023 18:00","4.6322","13.089","1026.9"
"9/8/2023 22:00","4.6344","13.088","1023"
"9/9/2023 2:00","4.6368","13.09","1020.1"
"9/9/2023 6:00","4.6397","13.092","1018.7"
"9/9/2023 10:00","4.6457","13.097","1018.6"
"9/9/2023 14:00","4.6477","13.098","1019"
"9/9/2023 18:00","4.6501","13.105","1020.1"
"9/9/2023 22:00","4.6528","13.108","1021.6"
"9/10/2023 2:00","4.6546","13.113","1022.7"
"9/10/2023 6:00","4.6572","13.12","1024.9"
"9/10/2023 10:00","4.6593","13.126","1024.5"
"9/10/2023 14:00","4.6611","13.133","1025.8"
"9/10/2023 18:00","4.662","13.138","1027.1"
"9/10/2023 22:00","4.6635","13.145","1026.7"
"9/11/2023 2:00","4.6649","13.152","1024.6"
"9/11/2023 6:00","4.666","13.156","1015"
"9/11/2023 10:00","4.6673","13.163","1015"
"9/11/2023 14:00","4.6685","13.168","1016.2"
"9/11/2023 18:00","4.67","13.174","1016"
"9/11/2023 22:00","4.6715","13.183","1015.9"
"9/12/2023 2:00","4.6732","13.188","1016"
"9/12/2023 6:00","4.6752","13.194","1016.4"
"9/12/2023 10:00","4.6772","13.201","1018.2"
"9/12/2023 14:00","4.6779","13.206","1016.3"
"9/12/2023 18:00","4.6797","13.214","1015.7"
"9/12/2023 22:00","4.6816","13.221","1014.8"
"9/13/2023 2:00","4.6833","13.229","1014.3"
"9/13/2023 6:00","4.6848","13.234","1012.8"
"9/13/2023 10:00","4.6855","13.24","1011.2"
"9/13/2023 14:00","4.6873","13.247","1009.1"
"9/13/2023 18:00","4.6886","13.255","1007.3"
"9/13/2023 22:00","4.6905","13.258","1005.9"
"9/14/2023 2:00","4.6925","13.261","1005.3"
"9/14/2023 6:00","4.6954","13.27","1005.2"
"9/14/2023 10:00","4.6968","13.274","1005.5"
"9/14/2023 14:00","4.6991","13.28","1005.6"
"9/14/2023 18:00","4.701","13.285","1006"
"9/14/2023 22:00","4.7028","13.292","1005.7"
"9/15/2023 2:00","4.705","13.295","1005.9"
"9/15/2023 6:00","4.7069","13.304","1004.7"
"9/15/2023 10:00","4.7092","13.307","1004.8"
"9/15/2023 14:00","4.7106","13.312","1005.3"
"9/15/2023 18:00","4.7124","13.321","1004.5"
"9/15/2023 22:00","4.7147","13.322","1005.8"
"9/16/2023 2:00","4.7155","13.331","1006.1"
"9/16/2023 6:00","4.7172","13.338","1008.5"
"9/16/2023 10:00","4.7187","13.342","1008.7"
"9/16/2023 14:00","4.7208","13.348","1009.6"
"9/16/2023 18:00","4.7218","13.354","1010.8"
"9/16/2023 22:00","4.723","13.361","1012.4"
"9/17/2023 2:00","4.7249","13.366","1013.9"
"9/17/2023 6:00","4.7267","13.371","1014.7"
"9/17/2023 10:00","4.729","13.377","1016"
"9/17/2023 14:00","4.7307","13.385","1022.1"
"9/17/2023 18:00","4.732","13.39","1024.9"
"9/17/2023 22:00","4.7341","13.395","1025.7"
"9/18/2023 2:00","4.7353","13.403","1026.4"
"9/18/2023 6:00","4.7371","13.407","1026.6"
"9/18/2023 10:00","4.7381","13.416","1026.5"
"9/18/2023 14:00","4.7396","13.419","1026.1"
"9/18/2023 18:00","4.7418","13.428","1025.8"
"9/18/2023 22:00","4.7427","13.43","1025"
"9/19/2023 2:00","4.7447","13.438","1025.3"
"9/19/2023 6:00","4.7454","13.442","1025.3"
"9/19/2023 10:00","4.7476","13.447","1027.1"
"9/19/2023 14:00","4.7497","13.452","1028"
"9/19/2023 18:00","4.7506","13.458","1028"
"9/19/2023 22:00","4.7521","13.464","1028.1"
"9/20/2023 2:00","4.753","13.471","1028.6"
"9/20/2023 6:00","4.7541","13.476","1029.5"
"9/20/2023 10:00","4.7557","13.48","1028.8"
"9/20/2023 14:00","4.7555","13.485","1028.8"
"9/20/2023 18:00","4.7563","13.491","1029.9"
"9/20/2023 22:00","4.7569","13.496","1030.2"
"9/21/2023 2:00","4.7579","13.498","1031"
"9/21/2023 6:00","4.7584","13.504","1030.5"
"9/21/2023 10:00","4.7592","13.511","1030.2"
"9/21/2023 14:00","4.7597","13.515","1030.6"
"9/21/2023 18:00","4.76","13.52","1030.4"
"9/21/2023 22:00","4.7607","13.524","1030.3"
"9/22/2023 2:00","4.7617","13.53","1030.4"
"9/22/2023 6:00","4.7625","13.533","1030.8"
"9/22/2023 10:00","4.7631","13.544","1032.1"
"9/22/2023 14:00","4.7635","13.544","1031.8"
"9/22/2023 18:00","4.7644","13.55","1031.4"
"9/22/2023 22:00","4.7655","13.552","1031.5"
"9/23/2023 2:00","4.7662","13.558","1031.2"
"9/23/2023 6:00","4.7677","13.563","1031.7"
"9/23/2023 10:00","4.7685","13.566","1031.6"
"9/23/2023 14:00","4.7675","13.569","1031"
"9/23/2023 18:00","4.7721","13.572","1031.3"
"9/23/2023 22:00","4.7731","13.582","1030.5"
"9/24/2023 2:00","4.7737","13.584","1030.9"
"9/24/2023 6:00","4.7751","13.594","1030.9"
"9/24/2023 10:00","4.7759","13.593","1030.6"
"9/24/2023 14:00","4.777","13.599","1031.1"
"9/24/2023 18:00","4.7777","13.606","1030.4"
"9/24/2023 22:00","4.7784","13.613","1029.4"
"9/25/2023 2:00","4.7791","13.616","1029.2"
"9/25/2023 6:00","4.7793","13.623","1028.9"
"9/25/2023 10:00","4.7807","13.626","1029.7"
"9/25/2023 14:00","4.781","13.631","1028.6"
"9/25/2023 18:00","4.7817","13.633","1028.4"
"9/25/2023 22:00","4.7826","13.638","1028"
"9/26/2023 2:00","4.783","13.642","1027.3"
"9/26/2023 6:00","4.7837","13.647","1027.1"
"9/26/2023 10:00","4.7839","13.648","1026.7"
"9/26/2023 14:00","4.7842","13.654","1026.2"
"9/26/2023 18:00","4.7842","13.66","1026.5"
"9/26/2023 22:00","4.7852","13.662","1025.4"
"9/27/2023 2:00","4.7853","13.67","1025.7"
"9/27/2023 6:00","4.7854","13.673","1026.9"
"9/27/2023 10:00","4.7859","13.676","1026.1"
"9/27/2023 14:00","4.7853","13.682","1026.8"
"9/27/2023 18:00","4.785","13.69","1026.8"
"9/27/2023 22:00","4.7846","13.696","1028.1"
"9/28/2023 2:00","4.7844","13.7","1027"
"9/28/2023 6:00","4.7846","13.705","1027.1"
"9/28/2023 10:00","4.7849","13.705","1026.7"
"9/28/2023 14:00","4.7837","13.713","1026"
"9/28/2023 18:00","4.7836","13.715","1025.8"
"9/28/2023 22:00","4.7838","13.721","1026.7"
"9/29/2023 2:00","4.784","13.725","1026.9"
"9/29/2023 6:00","4.7831","13.729","1026.9"
"9/29/2023 10:00","4.7832","13.735","1026.8"
"9/29/2023 14:00","4.7824","13.74","1025.7"
"9/29/2023 18:00","4.7814","13.737","1026.8"
"9/29/2023 22:00","4.7815","13.742","1031.1"
"9/30/2023 2:00","4.7804","13.747","1031.8"
"9/30/2023 6:00","4.7798","13.751","1031.6"
"9/30/2023 10:00","4.7808","13.751","1030.6"
"9/30/2023 14:00","4.7802","13.757","1030.8"
"9/30/2023 18:00","4.7798","13.763","1030.8"
"9/30/2023 22:00","4.7787","13.769","1031.4"
"10/1/2023 2:00","4.7775","13.774","1030.1"
"10/1/2023 6:00","4.7758","13.781","1030.3"
"10/1/2023 10:00","4.7749","13.783","1030.7"
"10/1/2023 14:00","4.7731","13.789","1030.2"
"10/1/2023 18:00","4.7719","13.793","1029.6"
"10/1/2023 22:00","4.7707","13.8","1029.6"
"10/2/2023 2:00","4.7692","13.801","1029.9"
"10/2/2023 6:00","4.7689","13.806","1030.4"
"10/2/2023 10:00","4.7678","13.81","1030.3"
"10/2/2023 14:00","4.7666","13.813","1030.2"
"10/2/2023 18:00","4.7652","13.82","1030.1"
"10/2/2023 22:00","4.7643","13.825","1029.6"
"10/3/2023 2:00","4.763","13.825","1029.6"
"10/3/2023 6:00","4.7613","13.83","1029.9"
"10/3/2023 10:00","4.7591","13.831","1030.4"
